-- phpMyAdmin SQL Dump
-- version 5.0.3
-- https://www.phpmyadmin.net/
--
-- Host: localhost
-- Waktu pembuatan: 15 Bulan Mei 2021 pada 02.49
-- Versi server: 10.4.14-MariaDB
-- Versi PHP: 7.2.34

SET SQL_MODE = "NO_AUTO_VALUE_ON_ZERO";
START TRANSACTION;
SET time_zone = "+00:00";


/*!40101 SET @OLD_CHARACTER_SET_CLIENT=@@CHARACTER_SET_CLIENT */;
/*!40101 SET @OLD_CHARACTER_SET_RESULTS=@@CHARACTER_SET_RESULTS */;
/*!40101 SET @OLD_COLLATION_CONNECTION=@@COLLATION_CONNECTION */;
/*!40101 SET NAMES utf8mb4 */;

--
-- Database: `alumni`
--

-- --------------------------------------------------------

--
-- Struktur dari tabel `alumni`
--

CREATE TABLE `alumni` (
  `id_alumni` int(11) NOT NULL,
  `nama` varchar(222) NOT NULL,
  `tempat_lahir` varchar(22) NOT NULL,
  `tgl_lahir` date NOT NULL,
  `tahun_masuk` int(4) NOT NULL,
  `tahun_keluar` int(4) NOT NULL,
  `pendidikan_terakhir_dibu` varchar(55) NOT NULL,
  `pendidikan_terakhir_setelah_dibu` varchar(55) NOT NULL,
  `ngabdi_masyarakat` varchar(11) NOT NULL,
  `pekerjaan` varchar(11) NOT NULL,
  `menikah` varchar(11) NOT NULL,
  `hasil` varchar(50) NOT NULL
) ENGINE=InnoDB DEFAULT CHARSET=utf8mb4;

--
-- Dumping data untuk tabel `alumni`
--

INSERT INTO `alumni` (`id_alumni`, `nama`, `tempat_lahir`, `tgl_lahir`, `tahun_masuk`, `tahun_keluar`, `pendidikan_terakhir_dibu`, `pendidikan_terakhir_setelah_dibu`, `ngabdi_masyarakat`, `pekerjaan`, `menikah`, `hasil`) VALUES
(1, 'Rizky Fajar Firdaus', 'Gresik', '2005-06-01', 2017, 2019, 'sma sederajat', 's1', 'belum', 'belum', 'belum', 'belum berhasil\r'),
(2, 'Abdullah Febi Aminuddin', 'Jombang', '2011-01-02', 2018, 2020, 'sma sederajat', 's1', 'sudah', 'sudah', 'sudah', 'berhasil\r'),
(3, 'Adit Dwi Saputra', 'kediri', '2029-03-01', 2018, 2020, 'sma sederajat', 's1', 'belum', 'sudah', 'belum', 'cukup berhasil\r'),
(4, 'Aditya Octavian H.', 'mojokerto', '2003-03-03', 2017, 2019, 'sma sederajat', 's1', 'belum', 'sudah', 'belum', 'cukup berhasil\r'),
(5, 'Ahmad  Syaifudin', 'mojokerto', '2019-12-04', 2017, 2019, 'sma sederajat', 's1', 'sudah', 'belum', 'sudah', 'cukup berhasil\r'),
(6, 'Ahmad Arifan At-Thobib', 'madura', '2001-01-01', 2017, 2019, 'sma sederajat', 's1', 'belum', 'belum', 'sudah', 'belum berhasil\r'),
(7, 'Ahmad Arifin At-Thobib', 'bali', '0000-00-00', 2017, 2019, 'sma sederajat', 's1', 'belum', 'belum', 'sudah', 'belum berhasil\r'),
(8, 'Ahmad Dimyati Abdul Adhim', 'pasuruan', '2008-09-01', 2017, 2019, 'sma sederajat', 's1', 'sudah', 'sudah', 'belum', 'berhasil\r'),
(9, 'Ahmad Fahri Abdul Wahab', 'malang', '2011-11-00', 2017, 2019, 'sma sederajat', 's1', 'belum', 'sudah', 'belum', 'cukup berhasil\r'),
(10, 'Ahmad Jihbidz Washil Difa\'i', 'surabaya', '0000-00-00', 2018, 2020, 'sma sederajat', 's1', 'belum', 'sudah', 'belum', 'cukup berhasil\r'),
(11, 'Ahmad Rajef sulaiman', 'megetan', '2002-08-00', 2018, 2020, 'sma sederajat', 's1', 'sudah', 'belum', 'belum', 'cukup berhasil\r'),
(12, 'Ahmad Rizal Musyafa\' Arif', 'lamongan', '2001-01-00', 2017, 2019, 'sma sederajat', 's1', 'belum', 'sudah', 'sudah', 'cukup berhasil\r'),
(13, 'Ahmad Riziq Fanani', 'tuban', '0000-00-00', 2017, 2019, 'sma sederajat', 's1', 'sudah', 'belum', 'belum', 'cukup berhasil\r'),
(14, 'Ahmad Taufiqul Hakiem', 'lamongan', '2028-02-00', 2018, 2020, 'sma sederajat', 's1', 'sudah', 'sudah', 'belum', 'berhasil\r'),
(15, 'Ahsan Syarif Ath Thory', 'tuban', '0000-00-00', 2018, 2020, 'sma sederajat', 'tidak ada', 'belum', 'belum', 'belum', 'belum berhasil\r'),
(16, 'Al Dino Rizky Hidayat', 'kediri', '2013-01-00', 2018, 2020, 'sma sederajat', 'tidak ada', 'sudah', 'sudah', 'sudah', 'berhasil\r'),
(17, 'Alby Nuha Hasan', 'jombang', '2006-08-00', 2018, 2020, 'sma sederajat', 'tidak ada', 'belum', 'sudah', 'belum', 'cukup berhasil\r'),
(18, 'Ali Murtadlo', 'jombang', '0000-00-00', 2017, 2019, 'sma sederajat', 'tidak ada', 'belum', 'belum', 'sudah', 'belum berhasil\r'),
(19, 'Andrian Arfana Ihsan', 'cirebon', '2009-09-04', 2017, 2019, 'sma sederajat', 'tidak ada', 'sudah', 'sudah', 'belum', 'berhasil\r'),
(20, 'As\'at Fika Umam', 'semarang', '2019-10-00', 2017, 2019, 'sma sederajat', 's1', 'belum', 'sudah', 'belum', 'cukup berhasil\r'),
(21, 'Aziis Fathoni', 'kalimantan utara', '0000-00-00', 2017, 2019, 'sma sederajat', 's1', 'belum', 'belum', 'belum', 'belum berhasil\r'),
(22, 'Azriel Maulana Ihdhorun Ni\'am', 'jakarta', '2011-01-00', 2018, 2020, 'sma sederajat', 's1', 'sudah', 'belum', 'belum', 'cukup berhasil\r'),
(23, 'Bagus Taufiq Fillahi Akbar', 'gorontalo', '2021-07-00', 2017, 2019, 'sma sederajat', 'tidak ada', 'belum', 'sudah', 'belum', 'cukup berhasil\r'),
(24, 'Danang Eka Saputra', 'palu', '0000-00-00', 2017, 2019, 'sma sederajat', 'tidak ada', 'belum', 'belum', 'belum', 'belum berhasil\r'),
(25, 'Davin Ega Putra Hervareza', 'bali', '2009-10-00', 2017, 2019, 'sma sederajat', 'tidak ada', 'sudah', 'sudah', 'belum', 'berhasil\r'),
(26, 'Dimas Adi Surya Saputra', 'jombang', '2001-01-01', 2016, 2018, 'sma sederajat', 'tidak ada', 'belum', 'belum', 'belum', 'belum berhasil\r'),
(27, 'Dimas Fajar Aditya Nugroho', 'gresik', '2003-03-02', 2016, 2018, 'sma sederajat', 'tidak ada', 'sudah', 'sudah', 'belum', 'berhasil\r'),
(28, 'Fahmi Idris', 'jombang', '0000-00-00', 2017, 2019, 'sma sederajat', 'tidak ada', 'belum', 'sudah', 'belum', 'cukup berhasil\r'),
(29, 'Fahrul Alam', 'jombang', '2029-04-00', 2017, 2019, 'sma sederajat', 'tidak ada', 'sudah', 'belum', 'sudah', 'cukup berhasil\r'),
(30, 'Fahryan Nur Rizky', 'semarang', '0000-00-00', 2017, 2019, 'sma sederajat', 'tidak ada', 'belum', 'belum', 'belum', 'belum berhasil\r'),
(31, 'Faiz Putra Awanda', 'cirebon', '0000-00-00', 2017, 2019, 'sma sederajat', 'tidak ada', 'sudah', 'sudah', 'sudah', 'berhasil\r'),
(32, 'Fattah Hilla Bi Abdillah Rahman', 'kediri', '2016-01-01', 2017, 2019, 'sma sederajat', 'tidak ada', 'sudah', 'belum', 'sudah', 'cukup berhasil\r'),
(33, 'Frisky Hannan Ar-rosyid', 'jombang', '2025-01-01', 2017, 2019, 'sma sederajat', 's1', 'sudah', 'sudah', 'belum', 'berhasil\r'),
(34, 'Habib Umar Muthohar', 'palu', '2004-06-01', 2017, 2019, 'sma sederajat', 's1', 'belum', 'belum', 'belum', 'belum berhasil\r'),
(35, 'Ibrahim Movid', 'jombang', '2005-02-02', 2017, 2019, 'sma sederajat', 's1', 'belum', 'belum', 'belum', 'belum berhasil\r'),
(36, 'Iqbal Maulana Aziz', 'pasuruan', '2028-09-01', 2018, 2020, 'sma sederajat', 's1', 'sudah', 'sudah', 'belum', 'berhasil\r'),
(37, 'Irchammudin Nur Arsyad', 'malang', '2004-01-01', 2018, 2020, 'sma sederajat', 'tidak ada', 'belum', 'sudah', 'belum', 'cukup berhasil\r'),
(38, 'Jahir Nuur Fahmi', 'surabaya', '2012-12-02', 2017, 2019, 'sma sederajat', 'tidak ada', 'sudah', 'sudah', 'belum', 'berhasil\r'),
(39, 'Julianda Lutfi Aqila', 'jombang', '2008-02-01', 2017, 2019, 'sma sederajat', 's1', 'sudah', 'sudah', 'belum', 'berhasil\r'),
(40, 'Lubig Alamin Putra', 'kediri', '2004-05-05', 2017, 2019, 'sma sederajat', 's1', 'belum', 'belum', 'sudah', 'belum berhasil\r'),
(41, 'Lutfi Tri Haryanto', 'mojokerto', '2004-04-00', 2017, 2019, 'sma sederajat', 's1', 'belum', 'sudah', 'sudah', 'cukup berhasil\r'),
(42, 'Maharsyaifath izlubaid qutub maula sufa', 'mojokerto', '2006-02-01', 2018, 2020, 'sma sederajat', 's1', 'sudah', 'sudah', 'belum', 'berhasil\r'),
(43, 'Marzuki Ibrahim', 'madura', '0000-00-00', 2018, 2020, 'sma sederajat', 'tidak ada', 'sudah', 'belum', 'sudah', 'cukup berhasil\r'),
(44, 'Mochammad Febry Pradana Kurniawan', 'cirebon', '0000-00-00', 2017, 2019, 'sma sederajat', 'tidak ada', 'sudah', 'sudah', 'belum', 'berhasil\r'),
(45, 'Mochammad Hanif Minanurrochman', 'indramayu', '2008-08-00', 2017, 2019, 'sma sederajat', 'tidak ada', 'belum', 'belum', 'belum', 'belum berhasil\r'),
(46, 'Mochammad Tajuddin Chasan', 'jakarta', '2009-01-00', 2017, 2019, 'sma sederajat', 'tidak ada', 'sudah', 'sudah', 'belum', 'berhasil\r'),
(47, 'Mochammad Zam Zam Faa\'iz M', 'malang', '2027-09-00', 2016, 2018, 'sma sederajat', 's1', 'belum', 'sudah', 'sudah', 'cukup berhasil\r'),
(48, 'Mohamad Bayu Firdaus', 'kediri', '2009-01-00', 2017, 2019, 'sma sederajat', 's1', 'belum', 'sudah', 'sudah', 'cukup berhasil\r'),
(49, 'Mohammad Faisal Hamzah', 'jombang', '2023-02-01', 2017, 2019, 'sma sederajat', 's1', 'belum', 'belum', 'belum', 'belum berhasil\r'),
(50, 'Mohammad Faza Syauqil Mubarrok', 'jombang', '2024-01-00', 2018, 2020, 'sma sederajat', 's1', 'sudah', 'sudah', 'sudah', 'berhasil\r'),
(51, 'Rizky Fajar Firdaus', 'Jombang', '0000-00-00', 2003, 2009, 'sma sederajat', 's2', 'sudah', 'belum', 'sudah', 'berhasil\r'),
(52, 'Abdullah Febi Aminuddin', 'Jombang', '0000-00-00', 2003, 2009, 'sma sederajat', 's2', 'sudah', 'sudah', 'sudah', 'berhasil\r'),
(53, 'Adit Dwi Saputra', 'Jombang', '0000-00-00', 2003, 2009, 'sma sederajat', 's2', 'sudah', 'sudah', 'sudah', 'berhasil\r'),
(54, 'Aditya Octavian H.', 'Jombang', '0000-00-00', 2003, 2009, 'sma sederajat', 's1', 'sudah', 'belum', 'sudah', 'berhasil\r'),
(55, 'Ahmad  Syaifudin', 'Jombang', '0000-00-00', 2000, 2009, 'sma sederajat', 's1', 'sudah', 'belum', 'sudah', 'berhasil\r'),
(56, 'Ahmad Arifan At-Thobib', 'Jombang', '0000-00-00', 2000, 2009, 'sma sederajat', 's1', 'sudah', 'sudah', 'belum', 'berhasil\r'),
(57, 'Ahmad Arifin At-Thobib', 'Jombang', '0000-00-00', 2000, 2009, 'sma sederajat', 'tidak ada', 'sudah', 'sudah', 'sudah', 'berhasil\r'),
(58, 'Ahmad Dimyati Abdul Adhim', 'Jombang', '0000-00-00', 2000, 2009, 'sma sederajat', 'tidak ada', 'sudah', 'sudah', 'sudah', 'berhasil\r'),
(59, 'Ahmad Fahri Abdul Wahab', 'Jombang', '0000-00-00', 2000, 2009, 'sma sederajat', 'tidak ada', 'sudah', 'sudah', 'belum', 'berhasil\r'),
(60, 'Ahmad Jihbidz Washil Difa\'i', 'Jombang', '0000-00-00', 2000, 2009, 'sma sederajat', 'tidak ada', 'sudah', 'sudah', 'sudah', 'berhasil\r'),
(61, 'Ahmad Rajef sulaiman', 'Jakarta', '0000-00-00', 2000, 2009, 'sma sederajat', 's1', 'sudah', 'sudah', 'sudah', 'berhasil\r'),
(62, 'Ahmad Rizal Musyafa\' Arif', 'Jakarta', '0000-00-00', 2000, 2009, 'sma sederajat', 's1', 'sudah', 'sudah', 'sudah', 'berhasil\r'),
(63, 'Ahmad Riziq Fanani', 'Jakarta', '0000-00-00', 2000, 2009, 'sma sederajat', 's1', 'sudah', 'sudah', 'sudah', 'berhasil\r'),
(64, 'Ahmad Taufiqul Hakiem', 'Jakarta', '0000-00-00', 2000, 2009, 'sma sederajat', 's1', 'sudah', 'sudah', 'sudah', 'berhasil\r'),
(65, 'Ahsan Syarif Ath Thory', 'Jakarta', '0000-00-00', 2000, 2009, 'sma sederajat', 's1', 'sudah', 'sudah', 'sudah', 'berhasil\r'),
(66, 'Al Dino Rizky Hidayat', 'Jakarta', '0000-00-00', 2000, 2009, 'sma sederajat', 'tidak ada', 'belum', 'sudah', 'sudah', 'cukup berhasil\r'),
(67, 'Alby Nuha Hasan', 'Jakarta', '0000-00-00', 2000, 2009, 'sma sederajat', 'tidak ada', 'belum', 'sudah', 'sudah', 'cukup berhasil\r'),
(68, 'Ali Murtadlo', 'Jakarta', '0000-00-00', 2000, 2009, 'sma sederajat', 'tidak ada', 'belum', 'sudah', 'sudah', 'cukup berhasil\r'),
(69, 'Andrian Arfana Ihsan', 'Jakarta', '0000-00-00', 2000, 2009, 'sma sederajat', 'tidak ada', 'belum', 'sudah', 'sudah', 'cukup berhasil\r'),
(70, 'As\'at Fika Umam', 'Jakarta', '0000-00-00', 2000, 2009, 'sma sederajat', 's1', 'belum', 'sudah', 'sudah', 'cukup berhasil\r'),
(71, 'Aziis Fathoni', 'medan', '0000-00-00', 2000, 2009, 'smp sederajat', 's1', 'belum', 'sudah', 'sudah', 'cukup berhasil\r'),
(72, 'Azriel Maulana Ihdhorun Ni\'am', 'medan', '0000-00-00', 2000, 2009, 'smp sederajat', 's1', 'belum', 'sudah', 'sudah', 'cukup berhasil\r'),
(73, 'Bagus Taufiq Fillahi Akbar', 'medan', '0000-00-00', 2000, 2009, 'smp sederajat', 'smk', 'belum', 'sudah', 'sudah', 'cukup berhasil\r'),
(74, 'Danang Eka Saputra', 'medan', '0000-00-00', 2000, 2009, 'smp sederajat', 'smk', 'belum', 'sudah', 'sudah', 'cukup berhasil\r'),
(75, 'Davin Ega Putra Hervareza', 'medan', '0000-00-00', 2000, 2009, 'smp sederajat', 'smk', 'belum', 'sudah', 'sudah', 'cukup berhasil\r'),
(76, 'Dimas Adi Surya Saputra', 'medan', '0000-00-00', 2000, 2009, 'smp sederajat', 'smk', 'belum', 'sudah', 'sudah', 'cukup berhasil\r'),
(77, 'Dimas Fajar Aditya Nugroho', 'medan', '0000-00-00', 2000, 2009, 'smp sederajat', 's1', 'belum', 'sudah', 'sudah', 'cukup berhasil\r'),
(78, 'Fahmi Idris', 'medan', '0000-00-00', 2000, 2009, 'smp sederajat', 's1', 'belum', 'sudah', 'sudah', 'cukup berhasil\r'),
(79, 'Fahrul Alam', 'medan', '0000-00-00', 2000, 2009, 'smp sederajat', 's1', 'belum', 'sudah', 'sudah', 'cukup berhasil\r'),
(80, 'Fahryan Nur Rizky', 'medan', '0000-00-00', 2000, 2009, 'smp sederajat', 's1', 'belum', 'sudah', 'sudah', 'cukup berhasil\r'),
(81, 'Faiz Putra Awanda', 'surabaya', '0000-00-00', 2000, 2009, 'sma sederajat', 's1', 'belum', 'sudah', 'sudah', 'cukup berhasil\r'),
(82, 'Fattah Hilla Bi Abdillah Rahman', 'surabaya', '0000-00-00', 2000, 2009, 'sma sederajat', 'tidak ada', 'belum', 'sudah', 'sudah', 'cukup berhasil\r'),
(83, 'Frisky Hannan Ar-rosyid', 'surabaya', '0000-00-00', 2000, 2009, 'sma sederajat', 'tidak ada', 'belum', 'sudah', 'sudah', 'cukup berhasil\r'),
(84, 'Habib Umar Muthohar', 'surabaya', '0000-00-00', 2000, 2009, 'sma sederajat', 'tidak ada', 'belum', 'sudah', 'sudah', 'cukup berhasil\r'),
(85, 'Ibrahim Movid', 'surabaya', '0000-00-00', 2000, 2009, 'sma sederajat', 'tidak ada', 'belum', 'sudah', 'sudah', 'cukup berhasil\r'),
(86, 'Iqbal Maulana Aziz', 'surabaya', '0000-00-00', 2000, 2009, 'sma sederajat', 'tidak ada', 'belum', 'sudah', 'belum', 'belum berhasil\r'),
(87, 'Irchammudin Nur Arsyad', 'surabaya', '0000-00-00', 2000, 2009, 'sma sederajat', 'tidak ada', 'belum', 'sudah', 'belum', 'belum berhasil\r'),
(88, 'Jahir Nuur Fahmi', 'surabaya', '0000-00-00', 2000, 2009, 'sma sederajat', 'tidak ada', 'belum', 'sudah', 'belum', 'belum berhasil\r'),
(89, 'Julianda Lutfi Aqila', 'surabaya', '0000-00-00', 2000, 2009, 'sma sederajat', 'tidak ada', 'belum', 'sudah', 'belum', 'belum berhasil\r'),
(90, 'Lubig Alamin Putra', 'surabaya', '0000-00-00', 2000, 2009, 'sma sederajat', 'tidak ada', 'belum', 'sudah', 'belum', 'belum berhasil\r'),
(91, 'Lutfi Tri Haryanto', 'malang', '2005-12-01', 2000, 2009, 'sma sederajat', 'tidak ada', 'belum', 'sudah', 'belum', 'belum berhasil\r'),
(92, 'Maharsyaifath izlubaid qutub maula sufa', 'malang', '2005-12-01', 2000, 2009, 'sma sederajat', 'tidak ada', 'belum', 'sudah', 'belum', 'belum berhasil\r'),
(93, 'Marzuki Ibrahim', 'malang', '2005-12-01', 2000, 2009, 'sma sederajat', 'tidak ada', 'belum', 'sudah', 'belum', 'belum berhasil\r'),
(94, 'Mochammad Febry Pradana Kurniawan', 'malang', '2005-12-01', 2000, 2009, 'sma sederajat', 'tidak ada', 'belum', 'sudah', 'belum', 'belum berhasil\r'),
(95, 'Mochammad Hanif Minanurrochman', 'malang', '2005-12-01', 2000, 2009, 'sma sederajat', 'tidak ada', 'belum', 'belum', 'sudah', 'belum berhasil\r'),
(96, 'Mochammad Tajuddin Chasan', 'malang', '2005-12-01', 2000, 2009, 'sma sederajat', 'tidak ada', 'belum', 'belum', 'sudah', 'belum berhasil\r'),
(97, 'Mochammad Zam Zam Faa\'iz M', 'malang', '2005-12-01', 2000, 2009, 'sma sederajat', 'tidak ada', 'belum', 'belum', 'sudah', 'belum berhasil\r'),
(98, 'Mohamad Bayu Firdaus', 'malang', '2005-12-01', 2000, 2009, 'sma sederajat', 'tidak ada', 'belum', 'belum', 'sudah', 'belum berhasil\r'),
(99, 'Mohammad Faisal Hamzah', 'malang', '2005-12-01', 2000, 2009, 'sma sederajat', 'tidak ada', 'belum', 'belum', 'sudah', 'belum berhasil\r'),
(100, 'Mohammad Faza Syauqil Mubarrok', 'malang', '2005-12-01', 2000, 2009, 'sma sederajat', 'tidak ada', 'belum', 'belum', 'sudah', 'belum berhasil');

-- --------------------------------------------------------

--
-- Struktur dari tabel `data_alumni`
--

CREATE TABLE `data_alumni` (
  `id_data_alumni` int(11) NOT NULL,
  `kegiatan_masyarakat` varchar(50) NOT NULL,
  `pekerjaan` varchar(20) NOT NULL,
  `menikah` varchar(20) NOT NULL,
  `pendidikan_formal` varchar(20) NOT NULL
) ENGINE=InnoDB DEFAULT CHARSET=utf8mb4;

--
-- Dumping data untuk tabel `data_alumni`
--

INSERT INTO `data_alumni` (`id_data_alumni`, `kegiatan_masyarakat`, `pekerjaan`, `menikah`, `pendidikan_formal`) VALUES
(1, 'tidak ada', 'belum', 'belum', 'mts sederajat'),
(2, 'tidak ada', 'sudah', 'sudah', 'mts sederajat'),
(3, 'tidak ada', 'sudah', 'belum', 'mts sederajat'),
(4, 'tidak ada', 'belum', 'sudah', 'mts sederajat'),
(5, 'tidak ada', 'belum', 'belum', 'ma sederajat'),
(6, 'tidak ada', 'sudah', 'sudah', 'ma sederajat'),
(7, 'tidak ada', 'sudah', 'belum', 'ma sederajat'),
(8, 'tidak ada', 'belum', 'sudah', 'ma sederajat'),
(9, 'tidak ada', 'belum', 'belum', 'd1'),
(10, 'tidak ada', 'sudah', 'sudah', 'd1'),
(11, 'tidak ada', 'sudah', 'belum', 'd1'),
(12, 'tidak ada', 'belum', 'sudah', 'd1'),
(13, 'tidak ada', 'belum', 'belum', 'd2'),
(14, 'tidak ada', 'sudah', 'sudah', 'd2'),
(15, 'tidak ada', 'sudah', 'belum', 'd2'),
(16, 'tidak ada', 'belum', 'sudah', 'd2'),
(17, 'tidak ada', 'belum', 'belum', 'd3'),
(18, 'tidak ada', 'sudah', 'sudah', 'd3'),
(19, 'tidak ada', 'sudah', 'belum', 'd3'),
(20, 'tidak ada', 'belum', 'sudah', 'd3'),
(21, 'tidak ada', 'belum', 'belum', 's1'),
(22, 'tidak ada', 'sudah', 'sudah', 's1'),
(23, 'tidak ada', 'sudah', 'belum', 's1'),
(24, 'tidak ada', 'belum', 'sudah', 's1'),
(25, 'tidak ada', 'belum', 'belum', 's2'),
(26, 'tidak ada', 'sudah', 'sudah', 's2'),
(27, 'tidak ada', 'sudah', 'belum', 's2'),
(28, 'tidak ada', 'belum', 'sudah', 's2'),
(29, 'tidak ada', 'belum', 'belum', 's3'),
(30, 'tidak ada', 'sudah', 'sudah', 's3'),
(31, 'tidak ada', 'sudah', 'belum', 's3'),
(32, 'tidak ada', 'belum', 'sudah', 's3'),
(33, 'tidak ada', 'belum', 'belum', 'prof'),
(34, 'tidak ada', 'sudah', 'sudah', 'prof'),
(35, 'tidak ada', 'sudah', 'belum', 'prof'),
(36, 'tidak ada', 'belum', 'sudah', 'prof'),
(37, 'ipnu/ippnu', 'belum', 'belum', 'mts sederajat'),
(38, 'ipnu/ippnu', 'sudah', 'sudah', 'mts sederajat'),
(39, 'ipnu/ippnu', 'sudah', 'belum', 'mts sederajat'),
(40, 'ipnu/ippnu', 'belum', 'sudah', 'mts sederajat'),
(41, 'ipnu/ippnu', 'belum', 'belum', 'ma sederajat'),
(42, 'ipnu/ippnu', 'sudah', 'sudah', 'ma sederajat'),
(43, 'ipnu/ippnu', 'sudah', 'belum', 'ma sederajat'),
(44, 'ipnu/ippnu', 'belum', 'sudah', 'ma sederajat'),
(45, 'ipnu/ippnu', 'belum', 'belum', 'd1'),
(46, 'ipnu/ippnu', 'sudah', 'sudah', 'd1'),
(47, 'ipnu/ippnu', 'sudah', 'belum', 'd1'),
(48, 'ipnu/ippnu', 'belum', 'sudah', 'd1'),
(49, 'ipnu/ippnu', 'belum', 'belum', 'd2'),
(50, 'ipnu/ippnu', 'sudah', 'sudah', 'd2'),
(51, 'ipnu/ippnu', 'sudah', 'belum', 'd2'),
(52, 'ipnu/ippnu', 'belum', 'sudah', 'd2'),
(53, 'ipnu/ippnu', 'belum', 'belum', 'd3'),
(54, 'ipnu/ippnu', 'sudah', 'sudah', 'd3'),
(55, 'ipnu/ippnu', 'sudah', 'belum', 'd3'),
(56, 'ipnu/ippnu', 'belum', 'sudah', 'd3'),
(57, 'ipnu/ippnu', 'belum', 'belum', 's1'),
(58, 'ipnu/ippnu', 'sudah', 'sudah', 's1'),
(59, 'ipnu/ippnu', 'sudah', 'belum', 's1'),
(60, 'ipnu/ippnu', 'belum', 'sudah', 's1'),
(61, 'ipnu/ippnu', 'belum', 'belum', 's2'),
(62, 'ipnu/ippnu', 'sudah', 'sudah', 's2'),
(63, 'ipnu/ippnu', 'sudah', 'belum', 's2'),
(64, 'ipnu/ippnu', 'belum', 'sudah', 's2'),
(65, 'ipnu/ippnu', 'belum', 'belum', 's3'),
(66, 'ipnu/ippnu', 'sudah', 'sudah', 's3'),
(67, 'ipnu/ippnu', 'sudah', 'belum', 's3'),
(68, 'ipnu/ippnu', 'belum', 'sudah', 's3'),
(69, 'ipnu/ippnu', 'belum', 'belum', 'prof'),
(70, 'ipnu/ippnu', 'sudah', 'sudah', 'prof'),
(71, 'ipnu/ippnu', 'sudah', 'belum', 'prof'),
(72, 'ipnu/ippnu', 'belum', 'sudah', 'prof'),
(73, 'rantingnu', 'belum', 'belum', 'mts sederajat'),
(74, 'rantingnu', 'sudah', 'sudah', 'mts sederajat'),
(75, 'rantingnu', 'sudah', 'belum', 'mts sederajat'),
(76, 'rantingnu', 'belum', 'sudah', 'mts sederajat'),
(77, 'rantingnu', 'belum', 'belum', 'ma sederajat'),
(78, 'rantingnu', 'sudah', 'sudah', 'ma sederajat'),
(79, 'rantingnu', 'sudah', 'belum', 'ma sederajat'),
(80, 'rantingnu', 'belum', 'sudah', 'ma sederajat'),
(81, 'rantingnu', 'belum', 'belum', 'd1'),
(82, 'rantingnu', 'sudah', 'sudah', 'd1'),
(83, 'rantingnu', 'sudah', 'belum', 'd1'),
(84, 'rantingnu', 'belum', 'sudah', 'd1'),
(85, 'rantingnu', 'belum', 'belum', 'd2'),
(86, 'rantingnu', 'sudah', 'sudah', 'd2'),
(87, 'rantingnu', 'sudah', 'belum', 'd2'),
(88, 'rantingnu', 'belum', 'sudah', 'd2'),
(89, 'rantingnu', 'belum', 'belum', 'd3'),
(90, 'rantingnu', 'sudah', 'sudah', 'd3'),
(91, 'rantingnu', 'sudah', 'belum', 'd3'),
(92, 'rantingnu', 'belum', 'sudah', 'd3'),
(93, 'rantingnu', 'belum', 'belum', 's1'),
(94, 'rantingnu', 'sudah', 'sudah', 's1'),
(95, 'rantingnu', 'sudah', 'belum', 's1'),
(96, 'rantingnu', 'belum', 'sudah', 's1'),
(97, 'rantingnu', 'belum', 'belum', 's2'),
(98, 'rantingnu', 'sudah', 'sudah', 's2'),
(99, 'rantingnu', 'sudah', 'belum', 's2'),
(100, 'rantingnu', 'belum', 'sudah', 's2'),
(101, 'rantingnu', 'belum', 'belum', 's3'),
(102, 'rantingnu', 'sudah', 'sudah', 's3'),
(103, 'rantingnu', 'sudah', 'belum', 's3'),
(104, 'rantingnu', 'belum', 'sudah', 's3'),
(105, 'rantingnu', 'belum', 'belum', 'prof'),
(106, 'rantingnu', 'sudah', 'sudah', 'prof'),
(107, 'rantingnu', 'sudah', 'belum', 'prof'),
(108, 'rantingnu', 'belum', 'sudah', 'prof'),
(109, 'ansor', 'belum', 'belum', 'mts sederajat'),
(110, 'ansor', 'sudah', 'sudah', 'mts sederajat'),
(111, 'ansor', 'sudah', 'belum', 'mts sederajat'),
(112, 'ansor', 'belum', 'sudah', 'mts sederajat'),
(113, 'ansor', 'belum', 'belum', 'ma sederajat'),
(114, 'ansor', 'sudah', 'sudah', 'ma sederajat'),
(115, 'ansor', 'sudah', 'belum', 'ma sederajat'),
(116, 'ansor', 'belum', 'sudah', 'ma sederajat'),
(117, 'ansor', 'belum', 'belum', 'd1'),
(118, 'ansor', 'sudah', 'sudah', 'd1'),
(119, 'ansor', 'sudah', 'belum', 'd1'),
(120, 'ansor', 'belum', 'sudah', 'd1'),
(121, 'ansor', 'belum', 'belum', 'd2'),
(122, 'ansor', 'sudah', 'sudah', 'd2'),
(123, 'ansor', 'sudah', 'belum', 'd2'),
(124, 'ansor', 'belum', 'sudah', 'd2'),
(125, 'ansor', 'belum', 'belum', 'd3'),
(126, 'ansor', 'sudah', 'sudah', 'd3'),
(127, 'ansor', 'sudah', 'belum', 'd3'),
(128, 'ansor', 'belum', 'sudah', 'd3'),
(129, 'ansor', 'belum', 'belum', 's1'),
(130, 'ansor', 'sudah', 'sudah', 's1'),
(131, 'ansor', 'sudah', 'belum', 's1'),
(132, 'ansor', 'belum', 'sudah', 's1'),
(133, 'ansor', 'belum', 'belum', 's2'),
(134, 'ansor', 'sudah', 'sudah', 's2'),
(135, 'ansor', 'sudah', 'belum', 's2'),
(136, 'ansor', 'belum', 'sudah', 's2'),
(137, 'ansor', 'belum', 'belum', 's3'),
(138, 'ansor', 'sudah', 'sudah', 's3'),
(139, 'ansor', 'sudah', 'belum', 's3'),
(140, 'ansor', 'belum', 'sudah', 's3'),
(141, 'ansor', 'belum', 'belum', 'prof'),
(142, 'ansor', 'sudah', 'sudah', 'prof'),
(143, 'ansor', 'sudah', 'belum', 'prof'),
(144, 'ansor', 'belum', 'sudah', 'prof'),
(145, 'pbnu', 'belum', 'belum', 'mts sederajat'),
(146, 'pbnu', 'sudah', 'sudah', 'mts sederajat'),
(147, 'pbnu', 'sudah', 'belum', 'mts sederajat'),
(148, 'pbnu', 'belum', 'sudah', 'mts sederajat'),
(149, 'pbnu', 'belum', 'belum', 'ma sederajat'),
(150, 'pbnu', 'sudah', 'sudah', 'ma sederajat'),
(151, 'pbnu', 'sudah', 'belum', 'ma sederajat'),
(152, 'pbnu', 'belum', 'sudah', 'ma sederajat'),
(153, 'pbnu', 'belum', 'belum', 'd1'),
(154, 'pbnu', 'sudah', 'sudah', 'd1'),
(155, 'pbnu', 'sudah', 'belum', 'd1'),
(156, 'pbnu', 'belum', 'sudah', 'd1'),
(157, 'pbnu', 'belum', 'belum', 'd2'),
(158, 'pbnu', 'sudah', 'sudah', 'd2'),
(159, 'pbnu', 'sudah', 'belum', 'd2'),
(160, 'pbnu', 'belum', 'sudah', 'd2'),
(161, 'pbnu', 'belum', 'belum', 'd3'),
(162, 'pbnu', 'sudah', 'sudah', 'd3'),
(163, 'pbnu', 'sudah', 'belum', 'd3'),
(164, 'pbnu', 'belum', 'sudah', 'd3'),
(165, 'pbnu', 'belum', 'belum', 's1'),
(166, 'pbnu', 'sudah', 'sudah', 's1'),
(167, 'pbnu', 'sudah', 'belum', 's1'),
(168, 'pbnu', 'belum', 'sudah', 's1'),
(169, 'pbnu', 'belum', 'belum', 's2'),
(170, 'pbnu', 'sudah', 'sudah', 's2'),
(171, 'pbnu', 'sudah', 'belum', 's2'),
(172, 'pbnu', 'belum', 'sudah', 's2'),
(173, 'pbnu', 'belum', 'belum', 's3'),
(174, 'pbnu', 'sudah', 'sudah', 's3'),
(175, 'pbnu', 'sudah', 'belum', 's3'),
(176, 'pbnu', 'belum', 'sudah', 's3'),
(177, 'pbnu', 'belum', 'belum', 'prof'),
(178, 'pbnu', 'sudah', 'sudah', 'prof'),
(179, 'pbnu', 'sudah', 'belum', 'prof'),
(180, 'pbnu', 'belum', 'sudah', 'prof'),
(181, 'pacnu', 'belum', 'belum', 'mts sederajat'),
(182, 'pacnu', 'sudah', 'sudah', 'mts sederajat'),
(183, 'pacnu', 'sudah', 'belum', 'mts sederajat'),
(184, 'pacnu', 'belum', 'sudah', 'mts sederajat'),
(185, 'pacnu', 'belum', 'belum', 'ma sederajat'),
(186, 'pacnu', 'sudah', 'sudah', 'ma sederajat'),
(187, 'pacnu', 'sudah', 'belum', 'ma sederajat'),
(188, 'pacnu', 'belum', 'sudah', 'ma sederajat'),
(189, 'pacnu', 'belum', 'belum', 'd1'),
(190, 'pacnu', 'sudah', 'sudah', 'd1'),
(191, 'pacnu', 'sudah', 'belum', 'd1'),
(192, 'pacnu', 'belum', 'sudah', 'd1'),
(193, 'pacnu', 'belum', 'belum', 'd2'),
(194, 'pacnu', 'sudah', 'sudah', 'd2'),
(195, 'pacnu', 'sudah', 'belum', 'd2'),
(196, 'pacnu', 'belum', 'sudah', 'd2'),
(197, 'pacnu', 'belum', 'belum', 'd3'),
(198, 'pacnu', 'sudah', 'sudah', 'd3'),
(199, 'pacnu', 'sudah', 'belum', 'd3'),
(200, 'pacnu', 'belum', 'sudah', 'd3'),
(201, 'pacnu', 'belum', 'belum', 's1'),
(202, 'pacnu', 'sudah', 'sudah', 's1'),
(203, 'pacnu', 'sudah', 'belum', 's1'),
(204, 'pacnu', 'belum', 'sudah', 's1'),
(205, 'pacnu', 'belum', 'belum', 's2'),
(206, 'pacnu', 'sudah', 'sudah', 's2'),
(207, 'pacnu', 'sudah', 'belum', 's2'),
(208, 'pacnu', 'belum', 'sudah', 's2'),
(209, 'pacnu', 'belum', 'belum', 's3'),
(210, 'pacnu', 'sudah', 'sudah', 's3'),
(211, 'pacnu', 'sudah', 'belum', 's3'),
(212, 'pacnu', 'belum', 'sudah', 's3'),
(213, 'pacnu', 'belum', 'belum', 'prof'),
(214, 'pacnu', 'sudah', 'sudah', 'prof'),
(215, 'pacnu', 'sudah', 'belum', 'prof'),
(216, 'pacnu', 'belum', 'sudah', 'prof'),
(217, 'mwcnu', 'belum', 'belum', 'mts sederajat'),
(218, 'mwcnu', 'sudah', 'sudah', 'mts sederajat'),
(219, 'mwcnu', 'sudah', 'belum', 'mts sederajat'),
(220, 'mwcnu', 'belum', 'sudah', 'mts sederajat'),
(221, 'mwcnu', 'belum', 'belum', 'ma sederajat'),
(222, 'mwcnu', 'sudah', 'sudah', 'ma sederajat'),
(223, 'mwcnu', 'sudah', 'belum', 'ma sederajat'),
(224, 'mwcnu', 'belum', 'sudah', 'ma sederajat'),
(225, 'mwcnu', 'belum', 'belum', 'd1'),
(226, 'mwcnu', 'sudah', 'sudah', 'd1'),
(227, 'mwcnu', 'sudah', 'belum', 'd1'),
(228, 'mwcnu', 'belum', 'sudah', 'd1'),
(229, 'mwcnu', 'belum', 'belum', 'd2'),
(230, 'mwcnu', 'sudah', 'sudah', 'd2'),
(231, 'mwcnu', 'sudah', 'belum', 'd2'),
(232, 'mwcnu', 'belum', 'sudah', 'd2'),
(233, 'mwcnu', 'belum', 'belum', 'd3'),
(234, 'mwcnu', 'sudah', 'sudah', 'd3'),
(235, 'mwcnu', 'sudah', 'belum', 'd3'),
(236, 'mwcnu', 'belum', 'sudah', 'd3'),
(237, 'mwcnu', 'belum', 'belum', 's1'),
(238, 'mwcnu', 'sudah', 'sudah', 's1'),
(239, 'mwcnu', 'sudah', 'belum', 's1'),
(240, 'mwcnu', 'belum', 'sudah', 's1'),
(241, 'mwcnu', 'belum', 'belum', 's2'),
(242, 'mwcnu', 'sudah', 'sudah', 's2'),
(243, 'mwcnu', 'sudah', 'belum', 's2'),
(244, 'mwcnu', 'belum', 'sudah', 's2'),
(245, 'mwcnu', 'belum', 'belum', 's3'),
(246, 'mwcnu', 'sudah', 'sudah', 's3'),
(247, 'mwcnu', 'sudah', 'belum', 's3'),
(248, 'mwcnu', 'belum', 'sudah', 's3'),
(249, 'mwcnu', 'belum', 'belum', 'prof'),
(250, 'mwcnu', 'sudah', 'sudah', 'prof'),
(251, 'mwcnu', 'sudah', 'belum', 'prof'),
(252, 'mwcnu', 'belum', 'sudah', 'prof'),
(253, 'pcnu', 'belum', 'belum', 'mts sederajat'),
(254, 'pcnu', 'sudah', 'sudah', 'mts sederajat'),
(255, 'pcnu', 'sudah', 'belum', 'mts sederajat'),
(256, 'pcnu', 'belum', 'sudah', 'mts sederajat'),
(257, 'pcnu', 'belum', 'belum', 'ma sederajat'),
(258, 'pcnu', 'sudah', 'sudah', 'ma sederajat'),
(259, 'pcnu', 'sudah', 'belum', 'ma sederajat'),
(260, 'pcnu', 'belum', 'sudah', 'ma sederajat'),
(261, 'pcnu', 'belum', 'belum', 'd1'),
(262, 'pcnu', 'sudah', 'sudah', 'd1'),
(263, 'pcnu', 'sudah', 'belum', 'd1'),
(264, 'pcnu', 'belum', 'sudah', 'd1'),
(265, 'pcnu', 'belum', 'belum', 'd2'),
(266, 'pcnu', 'sudah', 'sudah', 'd2'),
(267, 'pcnu', 'sudah', 'belum', 'd2'),
(268, 'pcnu', 'belum', 'sudah', 'd2'),
(269, 'pcnu', 'belum', 'belum', 'd3'),
(270, 'pcnu', 'sudah', 'sudah', 'd3'),
(271, 'pcnu', 'sudah', 'belum', 'd3'),
(272, 'pcnu', 'belum', 'sudah', 'd3'),
(273, 'pcnu', 'belum', 'belum', 's1'),
(274, 'pcnu', 'sudah', 'sudah', 's1'),
(275, 'pcnu', 'sudah', 'belum', 's1'),
(276, 'pcnu', 'belum', 'sudah', 's1'),
(277, 'pcnu', 'belum', 'belum', 's2'),
(278, 'pcnu', 'sudah', 'sudah', 's2'),
(279, 'pcnu', 'sudah', 'belum', 's2'),
(280, 'pcnu', 'belum', 'sudah', 's2'),
(281, 'pcnu', 'belum', 'belum', 's3'),
(282, 'pcnu', 'sudah', 'sudah', 's3'),
(283, 'pcnu', 'sudah', 'belum', 's3'),
(284, 'pcnu', 'belum', 'sudah', 's3'),
(285, 'pcnu', 'belum', 'belum', 'prof'),
(286, 'pcnu', 'sudah', 'sudah', 'prof'),
(287, 'pcnu', 'sudah', 'belum', 'prof'),
(288, 'pcnu', 'belum', 'sudah', 'prof'),
(289, 'takmir', 'belum', 'belum', 'mts sederajat'),
(290, 'takmir', 'sudah', 'sudah', 'mts sederajat'),
(291, 'takmir', 'sudah', 'belum', 'mts sederajat'),
(292, 'takmir', 'belum', 'sudah', 'mts sederajat'),
(293, 'takmir', 'belum', 'belum', 'ma sederajat'),
(294, 'takmir', 'sudah', 'sudah', 'ma sederajat'),
(295, 'takmir', 'sudah', 'belum', 'ma sederajat'),
(296, 'takmir', 'belum', 'sudah', 'ma sederajat'),
(297, 'takmir', 'belum', 'belum', 'd1'),
(298, 'takmir', 'sudah', 'sudah', 'd1'),
(299, 'takmir', 'sudah', 'belum', 'd1'),
(300, 'takmir', 'belum', 'sudah', 'd1'),
(301, 'takmir', 'belum', 'belum', 'd2'),
(302, 'takmir', 'sudah', 'sudah', 'd2'),
(303, 'takmir', 'sudah', 'belum', 'd2'),
(304, 'takmir', 'belum', 'sudah', 'd2'),
(305, 'takmir', 'belum', 'belum', 'd3'),
(306, 'takmir', 'sudah', 'sudah', 'd3'),
(307, 'takmir', 'sudah', 'belum', 'd3'),
(308, 'takmir', 'belum', 'sudah', 'd3'),
(309, 'takmir', 'belum', 'belum', 's1'),
(310, 'takmir', 'sudah', 'sudah', 's1'),
(311, 'takmir', 'sudah', 'belum', 's1'),
(312, 'takmir', 'belum', 'sudah', 's1'),
(313, 'takmir', 'belum', 'belum', 's2'),
(314, 'takmir', 'sudah', 'sudah', 's2'),
(315, 'takmir', 'sudah', 'belum', 's2'),
(316, 'takmir', 'belum', 'sudah', 's2'),
(317, 'takmir', 'belum', 'belum', 's3'),
(318, 'takmir', 'sudah', 'sudah', 's3'),
(319, 'takmir', 'sudah', 'belum', 's3'),
(320, 'takmir', 'belum', 'sudah', 's3'),
(321, 'takmir', 'belum', 'belum', 'prof'),
(322, 'takmir', 'sudah', 'sudah', 'prof'),
(323, 'takmir', 'sudah', 'belum', 'prof'),
(324, 'takmir', 'belum', 'sudah', 'prof');

-- --------------------------------------------------------

--
-- Struktur dari tabel `kegiatan_masyarakat`
--

CREATE TABLE `kegiatan_masyarakat` (
  `kegiatan_masyarakat` varchar(50) NOT NULL,
  `bobot` int(1) NOT NULL
) ENGINE=InnoDB DEFAULT CHARSET=utf8mb4;

--
-- Dumping data untuk tabel `kegiatan_masyarakat`
--

INSERT INTO `kegiatan_masyarakat` (`kegiatan_masyarakat`, `bobot`) VALUES
('ansor', 8),
('ipnu/ippnu', 5),
('mwcnu', 10),
('pacnu', 10),
('pbnu', 10),
('pcnu', 10),
('rantingnu', 8),
('takmir', 10),
('tidak ada', 2);

-- --------------------------------------------------------

--
-- Struktur dari tabel `pendidikan_formal`
--

CREATE TABLE `pendidikan_formal` (
  `pendidikan_formal` varchar(20) NOT NULL,
  `bobot` int(1) NOT NULL
) ENGINE=InnoDB DEFAULT CHARSET=utf8mb4;

--
-- Dumping data untuk tabel `pendidikan_formal`
--

INSERT INTO `pendidikan_formal` (`pendidikan_formal`, `bobot`) VALUES
('d1', 5),
('d2', 5),
('d3', 5),
('ma sederajat', 5),
('mts sederajat', 3),
('prof', 10),
('s1', 7),
('s2', 9),
('s3', 9);

-- --------------------------------------------------------

--
-- Struktur dari tabel `penentu_keberhasilan`
--

CREATE TABLE `penentu_keberhasilan` (
  `id_penentu_keberhasilan` int(11) NOT NULL,
  `id_data_alumni` int(11) NOT NULL,
  `hasil` enum('berhasil','cukup berhasil','belum berhasil') NOT NULL
) ENGINE=InnoDB DEFAULT CHARSET=utf8mb4;

--
-- Dumping data untuk tabel `penentu_keberhasilan`
--

INSERT INTO `penentu_keberhasilan` (`id_penentu_keberhasilan`, `id_data_alumni`, `hasil`) VALUES
(50498, 273, 'belum berhasil'),
(77459, 183, 'cukup berhasil'),
(105350, 48, 'belum berhasil'),
(132171, 310, 'berhasil'),
(136225, 86, 'cukup berhasil'),
(138799, 275, 'cukup berhasil'),
(234493, 55, 'belum berhasil'),
(249389, 136, 'cukup berhasil'),
(259821, 92, 'belum berhasil'),
(334045, 226, 'berhasil'),
(336895, 221, 'belum berhasil'),
(350847, 254, 'cukup berhasil'),
(370777, 283, 'berhasil'),
(414711, 135, 'cukup berhasil'),
(621352, 59, 'cukup berhasil'),
(657383, 253, 'belum berhasil'),
(888364, 181, 'belum berhasil'),
(1021971, 96, 'cukup berhasil'),
(1069269, 216, 'cukup berhasil'),
(1306728, 156, 'cukup berhasil'),
(1308832, 35, 'cukup berhasil'),
(1351472, 113, 'belum berhasil'),
(1357306, 122, 'cukup berhasil'),
(1381116, 200, 'cukup berhasil'),
(1444128, 316, 'cukup berhasil'),
(1492061, 305, 'belum berhasil'),
(1777500, 236, 'cukup berhasil'),
(2146044, 245, 'cukup berhasil'),
(2220491, 19, 'belum berhasil'),
(2221210, 56, 'belum berhasil'),
(2243772, 204, 'cukup berhasil'),
(2296839, 129, 'belum berhasil'),
(2375682, 111, 'cukup berhasil'),
(2410573, 154, 'berhasil'),
(2436909, 188, 'cukup berhasil'),
(2462723, 324, 'cukup berhasil'),
(2533035, 230, 'berhasil'),
(2551084, 197, 'belum berhasil'),
(2617019, 306, 'berhasil'),
(2707404, 258, 'berhasil'),
(2781054, 222, 'berhasil'),
(2792462, 167, 'cukup berhasil'),
(2872797, 247, 'berhasil'),
(2900746, 69, 'belum berhasil'),
(2959311, 47, 'belum berhasil'),
(2960368, 232, 'cukup berhasil'),
(2972072, 21, 'belum berhasil'),
(3006501, 323, 'berhasil'),
(3063910, 182, 'cukup berhasil'),
(3247760, 205, 'cukup berhasil'),
(3278596, 289, 'belum berhasil'),
(3296107, 318, 'berhasil'),
(3315636, 287, 'berhasil'),
(3334789, 291, 'cukup berhasil'),
(3341358, 284, 'cukup berhasil'),
(3364702, 109, 'belum berhasil'),
(3381159, 211, 'berhasil'),
(3413382, 145, 'belum berhasil'),
(3424541, 51, 'belum berhasil'),
(3526462, 231, 'cukup berhasil'),
(3577819, 212, 'cukup berhasil'),
(3765056, 121, 'belum berhasil'),
(3796648, 87, 'cukup berhasil'),
(3932592, 314, 'berhasil'),
(3952300, 171, 'berhasil'),
(4179367, 18, 'belum berhasil'),
(4321159, 317, 'cukup berhasil'),
(4341520, 85, 'belum berhasil'),
(4431142, 36, 'belum berhasil'),
(4456439, 40, 'belum berhasil'),
(4530152, 117, 'belum berhasil'),
(4548256, 22, 'cukup berhasil'),
(4633405, 223, 'cukup berhasil'),
(4790863, 4, 'belum berhasil'),
(4860224, 265, 'belum berhasil'),
(4889145, 238, 'berhasil'),
(4954030, 235, 'cukup berhasil'),
(5042429, 227, 'cukup berhasil'),
(5169316, 267, 'cukup berhasil'),
(5179964, 7, 'belum berhasil'),
(5253079, 224, 'cukup berhasil'),
(5257907, 90, 'cukup berhasil'),
(5377027, 97, 'belum berhasil'),
(5422753, 299, 'cukup berhasil'),
(5468176, 219, 'cukup berhasil'),
(5670688, 250, 'berhasil'),
(5695991, 186, 'berhasil'),
(5751130, 133, 'belum berhasil'),
(5795694, 138, 'berhasil'),
(5801044, 108, 'cukup berhasil'),
(5876924, 210, 'berhasil'),
(5968642, 217, 'belum berhasil'),
(5980228, 44, 'belum berhasil'),
(6033418, 9, 'belum berhasil'),
(6187572, 1, 'belum berhasil'),
(6217272, 115, 'cukup berhasil'),
(6252841, 151, 'cukup berhasil'),
(6383843, 166, 'berhasil'),
(6423309, 196, 'cukup berhasil'),
(6443351, 312, 'cukup berhasil'),
(6499942, 215, 'berhasil'),
(6526991, 148, 'belum berhasil'),
(6796338, 199, 'cukup berhasil'),
(6817904, 71, 'cukup berhasil'),
(6898224, 2, 'belum berhasil'),
(7017610, 280, 'cukup berhasil'),
(7314453, 34, 'cukup berhasil'),
(7412458, 142, 'berhasil'),
(7647640, 23, 'belum berhasil'),
(7822949, 95, 'cukup berhasil'),
(7964737, 241, 'cukup berhasil'),
(7984897, 277, 'cukup berhasil'),
(8029295, 194, 'berhasil'),
(8099248, 16, 'belum berhasil'),
(8121740, 132, 'cukup berhasil'),
(8186930, 256, 'belum berhasil'),
(8261730, 112, 'belum berhasil'),
(8576540, 29, 'belum berhasil'),
(8656937, 185, 'belum berhasil'),
(8783130, 61, 'belum berhasil'),
(8792839, 164, 'cukup berhasil'),
(8849728, 43, 'belum berhasil'),
(8873062, 191, 'cukup berhasil'),
(8912030, 165, 'belum berhasil'),
(8913738, 292, 'belum berhasil'),
(9183552, 125, 'belum berhasil'),
(9224500, 146, 'cukup berhasil'),
(9275840, 244, 'cukup berhasil'),
(9295476, 63, 'cukup berhasil'),
(9329597, 202, 'berhasil'),
(9393509, 155, 'cukup berhasil'),
(9428675, 5, 'belum berhasil'),
(9515147, 83, 'cukup berhasil'),
(9530914, 192, 'cukup berhasil'),
(9547185, 3, 'belum berhasil'),
(9592138, 10, 'belum berhasil'),
(9758218, 290, 'cukup berhasil'),
(9890706, 30, 'cukup berhasil'),
(9907284, 42, 'cukup berhasil'),
(9986662, 172, 'cukup berhasil'),
(10120809, 80, 'belum berhasil'),
(10170276, 24, 'belum berhasil'),
(10346088, 14, 'belum berhasil'),
(10357552, 139, 'cukup berhasil'),
(10410068, 141, 'cukup berhasil'),
(10473678, 28, 'belum berhasil'),
(10474519, 66, 'cukup berhasil'),
(10484346, 295, 'cukup berhasil'),
(10805860, 104, 'cukup berhasil'),
(10829191, 67, 'cukup berhasil'),
(10941221, 46, 'cukup berhasil'),
(11002874, 178, 'berhasil'),
(11013483, 91, 'cukup berhasil'),
(11034547, 308, 'cukup berhasil'),
(11054262, 213, 'cukup berhasil'),
(11085651, 187, 'cukup berhasil'),
(11087887, 116, 'belum berhasil'),
(11113679, 37, 'belum berhasil'),
(11235169, 174, 'berhasil'),
(11325732, 57, 'belum berhasil'),
(11398299, 144, 'cukup berhasil'),
(11402879, 76, 'belum berhasil'),
(11557425, 271, 'cukup berhasil'),
(11665759, 278, 'berhasil'),
(11680541, 120, 'belum berhasil'),
(11691081, 214, 'berhasil'),
(11733339, 39, 'belum berhasil'),
(11764687, 84, 'belum berhasil'),
(11818698, 100, 'cukup berhasil'),
(11894499, 45, 'belum berhasil'),
(11897459, 149, 'belum berhasil'),
(11939863, 152, 'cukup berhasil'),
(11982584, 276, 'cukup berhasil'),
(12012447, 119, 'cukup berhasil'),
(12255754, 17, 'belum berhasil'),
(12316388, 123, 'cukup berhasil'),
(12332123, 269, 'belum berhasil'),
(12364539, 257, 'belum berhasil'),
(12460551, 311, 'cukup berhasil'),
(12480489, 127, 'cukup berhasil'),
(12551512, 11, 'belum berhasil'),
(12559598, 228, 'cukup berhasil'),
(12560926, 78, 'cukup berhasil'),
(12637596, 198, 'berhasil'),
(12652712, 252, 'cukup berhasil'),
(12705080, 177, 'cukup berhasil'),
(12861076, 243, 'berhasil'),
(12903325, 50, 'cukup berhasil'),
(12922907, 143, 'berhasil'),
(12929778, 239, 'cukup berhasil'),
(12940028, 293, 'belum berhasil'),
(12961145, 158, 'berhasil'),
(13250048, 26, 'cukup berhasil'),
(13264479, 88, 'belum berhasil'),
(13465248, 246, 'berhasil'),
(13568894, 286, 'berhasil'),
(13602242, 285, 'cukup berhasil'),
(13773076, 49, 'belum berhasil'),
(13925214, 203, 'cukup berhasil'),
(13942670, 168, 'cukup berhasil'),
(13952660, 297, 'belum berhasil'),
(14088693, 266, 'berhasil'),
(14118996, 259, 'cukup berhasil'),
(14411730, 175, 'berhasil'),
(14464168, 281, 'cukup berhasil'),
(14471730, 89, 'belum berhasil'),
(14506555, 195, 'cukup berhasil'),
(14560001, 234, 'berhasil'),
(14569790, 137, 'belum berhasil'),
(14600478, 240, 'cukup berhasil'),
(14635292, 207, 'berhasil'),
(14637355, 77, 'belum berhasil'),
(14682700, 206, 'berhasil'),
(14777813, 134, 'berhasil'),
(14844854, 101, 'belum berhasil'),
(14859521, 15, 'belum berhasil'),
(14881963, 282, 'berhasil'),
(14888775, 313, 'cukup berhasil'),
(14898298, 193, 'belum berhasil'),
(14933107, 13, 'belum berhasil'),
(14997160, 53, 'belum berhasil'),
(15099705, 229, 'belum berhasil'),
(15226840, 201, 'belum berhasil'),
(15243163, 81, 'belum berhasil'),
(15269444, 255, 'cukup berhasil'),
(15293306, 6, 'belum berhasil'),
(15310872, 294, 'berhasil'),
(15336256, 38, 'cukup berhasil'),
(15383336, 124, 'belum berhasil'),
(15403815, 249, 'cukup berhasil'),
(15481841, 74, 'cukup berhasil'),
(15563435, 32, 'belum berhasil'),
(15740357, 263, 'cukup berhasil'),
(15752873, 173, 'cukup berhasil'),
(15772009, 20, 'belum berhasil'),
(15850533, 320, 'cukup berhasil'),
(15986567, 321, 'cukup berhasil'),
(16039635, 170, 'berhasil'),
(16081379, 150, 'berhasil'),
(16086734, 184, 'belum berhasil'),
(16145335, 65, 'belum berhasil'),
(16205236, 147, 'cukup berhasil'),
(16205789, 110, 'cukup berhasil'),
(16282644, 128, 'belum berhasil'),
(16285175, 208, 'cukup berhasil'),
(16373618, 251, 'berhasil'),
(16378239, 52, 'belum berhasil'),
(16662761, 220, 'belum berhasil'),
(16705837, 160, 'cukup berhasil'),
(16720083, 261, 'belum berhasil'),
(16732436, 218, 'cukup berhasil'),
(16850552, 79, 'cukup berhasil'),
(16894070, 105, 'cukup berhasil'),
(17083485, 304, 'cukup berhasil'),
(17114472, 75, 'cukup berhasil'),
(17135664, 162, 'berhasil'),
(17187973, 82, 'cukup berhasil'),
(17236524, 93, 'belum berhasil'),
(17293912, 33, 'belum berhasil'),
(17371366, 179, 'berhasil'),
(17434971, 27, 'cukup berhasil'),
(17479516, 58, 'cukup berhasil'),
(17530498, 322, 'berhasil'),
(17565294, 130, 'berhasil'),
(17627454, 153, 'belum berhasil'),
(17713976, 190, 'berhasil'),
(17777229, 8, 'belum berhasil'),
(17850955, 302, 'berhasil'),
(17885693, 107, 'berhasil'),
(17948690, 62, 'cukup berhasil'),
(17956052, 260, 'cukup berhasil'),
(17957987, 233, 'belum berhasil'),
(18039974, 70, 'berhasil'),
(18053738, 163, 'cukup berhasil'),
(18147496, 103, 'cukup berhasil'),
(18152886, 242, 'berhasil'),
(18175827, 140, 'cukup berhasil'),
(18187379, 64, 'belum berhasil'),
(18273630, 54, 'cukup berhasil'),
(18288717, 157, 'belum berhasil'),
(18293498, 189, 'belum berhasil'),
(18319246, 262, 'berhasil'),
(18349409, 159, 'cukup berhasil'),
(18410829, 248, 'cukup berhasil'),
(18520027, 94, 'berhasil'),
(18532484, 118, 'cukup berhasil'),
(18545671, 176, 'cukup berhasil'),
(18647874, 268, 'cukup berhasil'),
(18684049, 264, 'cukup berhasil'),
(18688056, 60, 'belum berhasil'),
(18742169, 315, 'berhasil'),
(18828444, 279, 'berhasil'),
(18833768, 296, 'cukup berhasil'),
(18840826, 31, 'cukup berhasil'),
(18852923, 288, 'cukup berhasil'),
(18866595, 303, 'cukup berhasil'),
(18871096, 274, 'berhasil'),
(18880843, 272, 'cukup berhasil'),
(18881174, 225, 'belum berhasil'),
(18886338, 300, 'cukup berhasil'),
(18891986, 68, 'belum berhasil'),
(18938414, 114, 'cukup berhasil'),
(19073353, 98, 'berhasil'),
(19101555, 319, 'berhasil'),
(19116930, 209, 'cukup berhasil'),
(19124815, 106, 'berhasil'),
(19185642, 41, 'belum berhasil'),
(19190248, 12, 'belum berhasil'),
(19204245, 301, 'belum berhasil'),
(19216612, 309, 'belum berhasil'),
(19224220, 131, 'cukup berhasil'),
(19224597, 102, 'berhasil'),
(19254784, 307, 'cukup berhasil'),
(19393989, 161, 'belum berhasil'),
(19407345, 73, 'belum berhasil'),
(19422513, 169, 'cukup berhasil'),
(19442514, 126, 'cukup berhasil'),
(19616798, 180, 'cukup berhasil'),
(19625685, 237, 'belum berhasil'),
(19691027, 270, 'berhasil'),
(19714630, 99, 'cukup berhasil'),
(19717293, 298, 'berhasil'),
(19845397, 72, 'cukup berhasil'),
(19973547, 25, 'belum berhasil');

-- --------------------------------------------------------

--
-- Stand-in struktur untuk tampilan `v_hasil`
-- (Lihat di bawah untuk tampilan aktual)
--
CREATE TABLE `v_hasil` (
`id_data_alumni` int(11)
,`kegiatan_masyarakat` varchar(50)
,`bobot_km` int(1)
,`pekerjaan` varchar(20)
,`menikah` varchar(20)
,`pendidikan_formal` varchar(20)
,`bobot_pf` int(1)
,`jumlahBobot` bigint(14)
,`hasil` enum('berhasil','cukup berhasil','belum berhasil')
);

-- --------------------------------------------------------

--
-- Struktur untuk view `v_hasil`
--
DROP TABLE IF EXISTS `v_hasil`;

CREATE ALGORITHM=UNDEFINED DEFINER=`root`@`localhost` SQL SECURITY DEFINER VIEW `v_hasil`  AS SELECT `data_alumni`.`id_data_alumni` AS `id_data_alumni`, `data_alumni`.`kegiatan_masyarakat` AS `kegiatan_masyarakat`, `kegiatan_masyarakat`.`bobot` AS `bobot_km`, `data_alumni`.`pekerjaan` AS `pekerjaan`, `data_alumni`.`menikah` AS `menikah`, `data_alumni`.`pendidikan_formal` AS `pendidikan_formal`, `pendidikan_formal`.`bobot` AS `bobot_pf`, `kegiatan_masyarakat`.`bobot`+ `pendidikan_formal`.`bobot` + if(`data_alumni`.`pekerjaan` = 'sudah',7,0) + if(`data_alumni`.`pekerjaan` = 'sudah',6,3) AS `jumlahBobot`, `penentu_keberhasilan`.`hasil` AS `hasil` FROM (((`data_alumni` join `kegiatan_masyarakat` on(`data_alumni`.`kegiatan_masyarakat` = `kegiatan_masyarakat`.`kegiatan_masyarakat`)) join `pendidikan_formal` on(`data_alumni`.`pendidikan_formal` = `pendidikan_formal`.`pendidikan_formal`)) join `penentu_keberhasilan` on(`data_alumni`.`id_data_alumni` = `penentu_keberhasilan`.`id_data_alumni`)) ORDER BY `kegiatan_masyarakat`.`bobot` ASC, `data_alumni`.`pekerjaan` DESC, `data_alumni`.`menikah` DESC ;

--
-- Indexes for dumped tables
--

--
-- Indeks untuk tabel `alumni`
--
ALTER TABLE `alumni`
  ADD PRIMARY KEY (`id_alumni`);

--
-- Indeks untuk tabel `data_alumni`
--
ALTER TABLE `data_alumni`
  ADD PRIMARY KEY (`id_data_alumni`),
  ADD KEY `kegiatan_masyarakat` (`kegiatan_masyarakat`),
  ADD KEY `pendidikan_formal` (`pendidikan_formal`);

--
-- Indeks untuk tabel `kegiatan_masyarakat`
--
ALTER TABLE `kegiatan_masyarakat`
  ADD PRIMARY KEY (`kegiatan_masyarakat`);

--
-- Indeks untuk tabel `pendidikan_formal`
--
ALTER TABLE `pendidikan_formal`
  ADD PRIMARY KEY (`pendidikan_formal`);

--
-- Indeks untuk tabel `penentu_keberhasilan`
--
ALTER TABLE `penentu_keberhasilan`
  ADD PRIMARY KEY (`id_penentu_keberhasilan`),
  ADD KEY `id_data_alumni` (`id_data_alumni`);
COMMIT;

/*!40101 SET CHARACTER_SET_CLIENT=@OLD_CHARACTER_SET_CLIENT */;
/*!40101 SET CHARACTER_SET_RESULTS=@OLD_CHARACTER_SET_RESULTS */;
/*!40101 SET COLLATION_CONNECTION=@OLD_COLLATION_CONNECTION */;
